-- phpMyAdmin SQL Dump
-- version 4.7.3
-- https://www.phpmyadmin.net/
--
-- Hôte : localhost:3306
-- Généré le :  mer. 01 nov. 2017 à 21:57
-- Version du serveur :  10.1.28-MariaDB
-- Version de PHP :  5.6.30

SET SQL_MODE = "NO_AUTO_VALUE_ON_ZERO";
SET AUTOCOMMIT = 0;
START TRANSACTION;
SET time_zone = "+00:00";


/*!40101 SET @OLD_CHARACTER_SET_CLIENT=@@CHARACTER_SET_CLIENT */;
/*!40101 SET @OLD_CHARACTER_SET_RESULTS=@@CHARACTER_SET_RESULTS */;
/*!40101 SET @OLD_COLLATION_CONNECTION=@@COLLATION_CONNECTION */;
/*!40101 SET NAMES utf8mb4 */;

--
-- Base de données :  `lespeign_lespeigneurs`
--

-- --------------------------------------------------------

--
-- Structure de la table `fils`
--

CREATE TABLE `fils` (
  `id` bigint(20) NOT NULL,
  `long_id` varchar(16) DEFAULT NULL,
  `titre` varchar(50) NOT NULL,
  `libelle` text NOT NULL,
  `reponse` varchar(50) NOT NULL,
  `dtdebut` datetime DEFAULT NULL,
  `dtfin` datetime DEFAULT NULL
) ENGINE=MyISAM DEFAULT CHARSET=latin1;

--
-- Déchargement des données de la table `fils`
--

INSERT INTO `fils` (`id`, `long_id`, `titre`, `libelle`, `reponse`, `dtdebut`, `dtfin`) VALUES
(1, '5997aec0ddb47234', 'Vous cherchez un prénom', 'Ce Clan n\'est pas de marbre, il est d\'Argyll.\r\nCette première énigme est très facile. Il s\'agit du prénom utilisé par LeChaps pour parler du \"projet\". ', 'Archibald', '2017-05-01 00:00:00', '2017-10-07 08:07:44'),
(2, 'e49a28074db8cad4', 'Vous cherchez un prénom', 'Caché dans l\'espace, j\'ai un point commun avec : C/2002 O4 <br>\r\n\"Quand te reverrais-je ? Pays merveilleux ! Où ceux qui s\'aiment, vivent à deux !\"\r\n', 'Jean-Claude', '2017-10-07 08:07:44', '2017-10-07 10:57:39'),
(3, '479abf699c404b5a', 'Vous cherchez un prénom', 'Successeur de Clodion, Prenez connaissance du chapitre 6 de la Continuation de la Chronique de Frédégaire', 'Clovis', '2017-10-07 10:57:39', '2017-10-07 11:46:36'),
(6, 'a869ab21f8c910a8', 'Vous cherchez un prénom', 'J\'aime bien le nom de ce bar, laissez-moi vous y emmener.\r\n\r\n<img src=\"https://www.lespeigneurs.com/lespeigneurs/img/a869ab21f8c910a8.jpg\">', 'Octave', '2017-10-07 11:46:36', '2017-10-07 13:38:53'),
(7, '50da15d2af899831', 'Vous cherchez un prénom', 'Né le 15 décembre 1975 je suis surtout connu pour mes interventions dans l\'émission Carnaval (autres de mon présentateur vedette)', 'Tatayet', '2017-10-07 13:38:53', '2017-10-07 13:46:47'),
(8, 'ebc76085d0433024', 'Vous cherchez un prénom', 'Concessionnaire de Clermont- Ferrand, Vichy, Montluçon et Moulins entre autres, je suis un footballeur ivoirien habitué des pelouses anglaises', 'Wilfried', '2017-10-07 13:46:47', '2017-10-07 14:54:50'),
(10, '17359007128ada5f', 'Vous cherchez un prénom', 'Soit une variable de référence x=35, +7 -17 +14, +55 +14 +17, soyez à l\'ouest, ne perdez pas le nord...', 'Bernard', '2017-10-07 14:54:50', '2017-10-07 14:57:19'),
(11, 'd3a3819344c246f3', 'Vous cherchez un prénom', 'Atelier gastronomique Américo-auvergnate installé à Clermont-Ferrand.\r\nIl est aussi à l\'origine d\'Arsène', 'Marius', '2017-10-07 14:57:01', '2017-10-10 22:09:19'),
(12, '172812c5fcaf8e7f', 'Vous cherchez un prénom', 'A la tête d\'un royaume au drapeau bleu, blanc et vert, je suis mort Roi en France.\r\nMon successeur et prétendant au trône est surnommé Para.', 'Antoine', '2017-10-10 22:09:19', '2017-10-10 22:31:28'),
(13, 'e213fcd83f15266e', 'Vous cherchez un prénom', 'Si vous avez pour objectif premier la résolution d’équations polynomiales vous croiserez surement sa route, ou pire son fer.', 'Evariste', '2017-10-10 22:31:28', '2017-10-11 11:56:49'),
(14, 'bb3a9b9773208042', 'Vous cherchez un prénom', 'Découvrez l\'histoire incroyable de ce vainqueur du marathon de Boston qui gagna dans le silence...', 'Shigeki', '2017-10-11 11:56:49', '2017-10-11 21:14:49'),
(15, '71bf4c70754e0842', 'Vous cherchez un prénom', '<iframe src=\"https://www.google.com/maps/embed?pb=!1m0!4v1507672916471!6m8!1m7!1sRUjI4nJps5pIqgRQjzsbsA!2m2!1d48.86283917800227!2d2.316684745302041!3f168.42181061277284!4f-2.2115481565648736!5f0.7820865974627469\" width=\"800\" height=\"600\" frameborder=\"0\" style=\"border:0\" allowfullscreen></iframe>', 'Aristide', '2017-10-11 21:14:49', '2017-10-15 21:36:25'),
(16, '8bdffdc1f653d05e', 'Vous cherchez un prénom', 'Seul le traité vous intéressera. <br> <img src=\"https://www.lespeigneurs.com/lespeigneurs/img/8bdffdc1f653d05e.jpg\">', 'Ernest', '2017-10-15 21:36:25', '2017-10-18 12:40:59'),
(17, 'bba3271ed3cdd670', 'Vous cherchez un prénom', 'Sorti le 20 décembre 2017', 'Ferdinand', '2017-10-18 12:40:59', '2017-10-18 12:42:26'),
(18, 'edd59d486b3d1d7e', 'Vous cherchez un prénom', 'Je suis un ancien magazine people américain. Si je suis 5, je suis un hotel et dans ce cas je suis \"Vé\" selon Brel. Si j\'écris je suis une baronne. Si je suis 6, je suis je suis je suis...', 'George', '2017-10-18 12:42:26', '2017-10-20 13:37:08'),
(19, '17272a0b6fc64f2b', 'Vous cherchez un prénom', '<iframe src=\"https://www.google.com/maps/embed?pb=!1m0!4v1508496561311!6m8!1m7!1srWUflgYiRI78HwisxuEyYg!2m2!1d48.85762537417707!2d2.298923702230923!3f261.24048849356103!4f13.326209168929537!5f0.7820865974627469\" width=\"600\" height=\"450\" frameborder=\"0\" style=\"border:0\" allowfullscreen></iframe>', 'Sacha', '2017-10-20 13:37:08', '2017-10-20 21:11:55'),
(20, 'd76f1111b02ca689', 'Vous cherchez un prénom', '59 00 N, 16 12 E; 51 06 26 N, 7 39 E; 53 04 N, 0 48 O; 41 17 N, 1 15 E; 46 25 N, 15 52 E; 35 12 N, 32 59 E', 'Anatole', '2017-10-20 21:11:55', NULL),
(21, '20c534ece13e03d8', 'Vous cherchez un prénom', '', '', NULL, NULL),
(22, 'affba3d127d0743f', 'Vous cherchez un prénom', '', '', NULL, NULL),
(23, '7ee631c2163ac90a', 'Vous cherchez un prénom', '', '', NULL, NULL);

-- --------------------------------------------------------

--
-- Structure de la table `fils_event`
--

CREATE TABLE `fils_event` (
  `id` bigint(20) NOT NULL,
  `idfil` int(11) DEFAULT NULL,
  `session_id` varchar(30) NOT NULL,
  `event` varchar(20) NOT NULL,
  `cmtevent` text NOT NULL,
  `dateevent` datetime NOT NULL DEFAULT CURRENT_TIMESTAMP
) ENGINE=MyISAM DEFAULT CHARSET=latin1;

--
-- Déchargement des données de la table `fils_event`
--

INSERT INTO `fils_event` (`id`, `idfil`, `session_id`, `event`, `cmtevent`, `dateevent`) VALUES
(1, 1, 'ae7thaclvqh2jpo715sr2mbh24', 'REPONSE_KO', 'réponse proposée : Julien', '2017-10-07 07:22:04'),
(2, 1, '3651m26upe9o3effu2h1ddrqp2', 'REPONSE_KO', 'réponse proposée : Campbell', '2017-10-07 08:02:54'),
(3, 1, '3651m26upe9o3effu2h1ddrqp2', 'REPONSE_KO', 'réponse proposée : Campbell', '2017-10-07 08:03:19'),
(4, 1, '3651m26upe9o3effu2h1ddrqp2', 'REPONSE_KO', 'réponse proposée : Colin', '2017-10-07 08:05:01'),
(5, 1, '3651m26upe9o3effu2h1ddrqp2', 'REPONSE_OK', 'réponse proposée : Archibald', '2017-10-07 08:07:44'),
(6, 2, '3651m26upe9o3effu2h1ddrqp2', 'REPONSE_KO', 'réponse proposée : Hoenig', '2017-10-07 08:12:22'),
(7, 2, '3651m26upe9o3effu2h1ddrqp2', 'REPONSE_KO', 'réponse proposée : Höning', '2017-10-07 08:12:54'),
(8, 2, '3651m26upe9o3effu2h1ddrqp2', 'REPONSE_KO', 'réponse proposée : Céphée', '2017-10-07 08:13:09'),
(9, 2, '3651m26upe9o3effu2h1ddrqp2', 'REPONSE_KO', 'réponse proposée : Sebastian', '2017-10-07 08:13:55'),
(10, 2, '3651m26upe9o3effu2h1ddrqp2', 'REPONSE_KO', 'réponse proposée : Florian', '2017-10-07 08:14:07'),
(11, 2, '3651m26upe9o3effu2h1ddrqp2', 'REPONSE_KO', 'réponse proposée : Edwin', '2017-10-07 08:21:35'),
(12, 2, '3651m26upe9o3effu2h1ddrqp2', 'REPONSE_KO', 'réponse proposée : Edmond', '2017-10-07 08:22:16'),
(13, 2, '3651m26upe9o3effu2h1ddrqp2', 'REPONSE_KO', 'réponse proposée : Halley', '2017-10-07 08:22:41'),
(14, 2, '3651m26upe9o3effu2h1ddrqp2', 'REPONSE_KO', 'réponse proposée : Cassiopée', '2017-10-07 08:25:29'),
(15, 2, '3651m26upe9o3effu2h1ddrqp2', 'REPONSE_KO', 'réponse proposée : Swan', '2017-10-07 08:26:11'),
(16, 2, 'g4brgi1cck7u1amisevt2ii296', 'REPONSE_KO', 'réponse proposée : Astree', '2017-10-07 08:38:20'),
(17, 2, 'g4brgi1cck7u1amisevt2ii296', 'REPONSE_KO', 'réponse proposée : R2d2', '2017-10-07 08:38:37'),
(18, 2, 'mbfmc8jk3mq00ava40hloas652', 'REPONSE_KO', 'réponse proposée : Vide', '2017-10-07 08:53:30'),
(19, 2, 'mbfmc8jk3mq00ava40hloas652', 'REPONSE_KO', 'réponse proposée : Le Pen', '2017-10-07 08:53:57'),
(20, 2, 'mbfmc8jk3mq00ava40hloas652', 'REPONSE_KO', 'réponse proposée : Lune', '2017-10-07 08:54:29'),
(21, 2, 'mbfmc8jk3mq00ava40hloas652', 'REPONSE_KO', 'réponse proposée : Jean-Marie', '2017-10-07 08:57:08'),
(22, 2, 'mbfmc8jk3mq00ava40hloas652', 'REPONSE_KO', 'réponse proposée : Youri', '2017-10-07 08:59:27'),
(23, 2, 'mbfmc8jk3mq00ava40hloas652', 'REPONSE_KO', 'réponse proposée : Youri', '2017-10-07 08:59:52'),
(24, 2, 'mbfmc8jk3mq00ava40hloas652', 'REPONSE_KO', 'réponse proposée : Marcel', '2017-10-07 09:03:49'),
(25, 2, 'mbfmc8jk3mq00ava40hloas652', 'REPONSE_KO', 'réponse proposée : Jacques', '2017-10-07 09:04:07'),
(26, 2, 'mbfmc8jk3mq00ava40hloas652', 'REPONSE_KO', 'réponse proposée : Lionel', '2017-10-07 09:17:05'),
(27, 2, 'mbfmc8jk3mq00ava40hloas652', 'REPONSE_KO', 'réponse proposée : Alec', '2017-10-07 09:20:05'),
(28, 2, 'mbfmc8jk3mq00ava40hloas652', 'REPONSE_KO', 'réponse proposée : Lea', '2017-10-07 09:21:27'),
(29, 2, 'mbfmc8jk3mq00ava40hloas652', 'REPONSE_KO', 'réponse proposée : Lee', '2017-10-07 09:21:47'),
(30, 2, 'mbfmc8jk3mq00ava40hloas652', 'REPONSE_KO', 'réponse proposée : Les', '2017-10-07 09:21:57'),
(31, 2, 'mbfmc8jk3mq00ava40hloas652', 'REPONSE_KO', 'réponse proposée : Ange', '2017-10-07 09:26:01'),
(32, 2, 'mbfmc8jk3mq00ava40hloas652', 'REPONSE_KO', 'réponse proposée : Babs', '2017-10-07 09:35:08'),
(33, 2, 'mbfmc8jk3mq00ava40hloas652', 'REPONSE_KO', 'réponse proposée : Ansle', '2017-10-07 09:35:33'),
(34, 2, 'mbfmc8jk3mq00ava40hloas652', 'REPONSE_KO', 'réponse proposée : Caja', '2017-10-07 09:36:10'),
(35, 2, 'mbfmc8jk3mq00ava40hloas652', 'REPONSE_KO', 'réponse proposée : Hoenig', '2017-10-07 09:37:24'),
(36, 2, 'mbfmc8jk3mq00ava40hloas652', 'REPONSE_KO', 'réponse proposée : Honig', '2017-10-07 09:37:38'),
(37, 2, 'mbfmc8jk3mq00ava40hloas652', 'REPONSE_KO', 'réponse proposée : Sebastien', '2017-10-07 09:38:02'),
(38, 2, 'mbfmc8jk3mq00ava40hloas652', 'REPONSE_KO', 'réponse proposée : Florian', '2017-10-07 09:38:20'),
(39, 2, 'mbfmc8jk3mq00ava40hloas652', 'REPONSE_KO', 'réponse proposée : Ken', '2017-10-07 09:39:34'),
(40, 2, 'mbfmc8jk3mq00ava40hloas652', 'REPONSE_KO', 'réponse proposée : Ken-Ichi', '2017-10-07 09:39:47'),
(41, 2, 'mbfmc8jk3mq00ava40hloas652', 'REPONSE_KO', 'réponse proposée : Kenichi', '2017-10-07 09:40:02'),
(42, 2, 'mbfmc8jk3mq00ava40hloas652', 'REPONSE_KO', 'réponse proposée : Maik', '2017-10-07 09:40:26'),
(43, 2, 'mbfmc8jk3mq00ava40hloas652', 'REPONSE_KO', 'réponse proposée : Frank', '2017-10-07 09:40:55'),
(44, 2, 'mbfmc8jk3mq00ava40hloas652', 'REPONSE_KO', 'réponse proposée : Seb', '2017-10-07 09:41:51'),
(45, 2, 'mbfmc8jk3mq00ava40hloas652', 'REPONSE_KO', 'réponse proposée : Sebastien', '2017-10-07 09:42:36'),
(46, 2, 'mbfmc8jk3mq00ava40hloas652', 'REPONSE_KO', 'réponse proposée : Florian', '2017-10-07 09:42:58'),
(47, 2, 'mbfmc8jk3mq00ava40hloas652', 'REPONSE_KO', 'réponse proposée : Cassegrain', '2017-10-07 09:43:36'),
(48, 2, 'mbfmc8jk3mq00ava40hloas652', 'REPONSE_KO', 'réponse proposée : Belle', '2017-10-07 09:52:10'),
(49, 2, 'mbfmc8jk3mq00ava40hloas652', 'REPONSE_KO', 'réponse proposée : Nancy', '2017-10-07 09:54:49'),
(50, 2, 'mbfmc8jk3mq00ava40hloas652', 'REPONSE_KO', 'réponse proposée : Comète', '2017-10-07 09:55:17'),
(51, 2, 'mbfmc8jk3mq00ava40hloas652', 'REPONSE_KO', 'réponse proposée : Astre', '2017-10-07 09:56:24'),
(52, 2, 'mbfmc8jk3mq00ava40hloas652', 'REPONSE_KO', 'réponse proposée : Météore', '2017-10-07 09:56:52'),
(53, 2, 'mbfmc8jk3mq00ava40hloas652', 'REPONSE_KO', 'réponse proposée : Comete', '2017-10-07 09:57:09'),
(54, 2, 'mbfmc8jk3mq00ava40hloas652', 'REPONSE_KO', 'réponse proposée : Etoile', '2017-10-07 09:58:02'),
(55, 2, 'mbfmc8jk3mq00ava40hloas652', 'REPONSE_KO', 'réponse proposée : Aure', '2017-10-07 09:59:30'),
(56, 2, 'mbfmc8jk3mq00ava40hloas652', 'REPONSE_KO', 'réponse proposée : Aurore', '2017-10-07 09:59:43'),
(57, 2, 'mbfmc8jk3mq00ava40hloas652', 'REPONSE_KO', 'réponse proposée : Astrée', '2017-10-07 09:59:59'),
(58, 2, 'mbfmc8jk3mq00ava40hloas652', 'REPONSE_KO', 'réponse proposée : Céline', '2017-10-07 10:00:28'),
(59, 2, 'mbfmc8jk3mq00ava40hloas652', 'REPONSE_KO', 'réponse proposée : Estelle', '2017-10-07 10:00:46'),
(60, 2, 'mbfmc8jk3mq00ava40hloas652', 'REPONSE_KO', 'réponse proposée : Uranie', '2017-10-07 10:01:34'),
(61, 2, 'ke0jmd04cev68k9avpki535pr3', 'REPONSE_KO', 'réponse proposée : Astre', '2017-10-07 10:16:14'),
(62, 2, 'ke0jmd04cev68k9avpki535pr3', 'REPONSE_KO', 'réponse proposée : Seb', '2017-10-07 10:16:31'),
(63, 2, 'ke0jmd04cev68k9avpki535pr3', 'REPONSE_KO', 'réponse proposée : Halley', '2017-10-07 10:17:52'),
(64, 2, 'ke0jmd04cev68k9avpki535pr3', 'REPONSE_KO', 'réponse proposée : Hallé', '2017-10-07 10:18:08'),
(65, 2, 'ke0jmd04cev68k9avpki535pr3', 'REPONSE_KO', 'réponse proposée : Encke', '2017-10-07 10:18:44'),
(66, 2, 'ke0jmd04cev68k9avpki535pr3', 'REPONSE_KO', 'réponse proposée : Pluton', '2017-10-07 10:19:50'),
(67, 2, 'ke0jmd04cev68k9avpki535pr3', 'REPONSE_KO', 'réponse proposée : Michel', '2017-10-07 10:56:21'),
(68, 2, 'ke0jmd04cev68k9avpki535pr3', 'REPONSE_OK', 'réponse proposée : Jean-Claude', '2017-10-07 10:57:39'),
(69, 3, 'ke0jmd04cev68k9avpki535pr3', 'REPONSE_KO', 'réponse proposée : Childéric', '2017-10-07 11:00:04'),
(70, 3, 'ke0jmd04cev68k9avpki535pr3', 'REPONSE_KO', 'réponse proposée : Mérovée', '2017-10-07 11:01:23'),
(74, 3, 'ke0jmd04cev68k9avpki535pr3', 'REPONSE_OK', 'réponse proposée : Clovis', '2017-10-07 11:37:34'),
(72, 6, '80ag2ctl1d6gh5p30vgefdblc7', 'REPONSE_KO', 'réponse proposée : Le Gaulois', '2017-10-07 11:12:09'),
(73, 6, 'ke0jmd04cev68k9avpki535pr3', 'REPONSE_KO', 'réponse proposée : Florent', '2017-10-07 11:18:06'),
(76, 6, 'hagp176sta5gaedoe94jken546', 'REPONSE_KO', 'réponse proposée : Gravades', '2017-10-07 12:08:22'),
(77, 6, 'hagp176sta5gaedoe94jken546', 'REPONSE_KO', 'réponse proposée : Viviane', '2017-10-07 12:19:22'),
(78, 6, 'hagp176sta5gaedoe94jken546', 'REPONSE_KO', 'réponse proposée : Van-Dijk', '2017-10-07 12:20:24'),
(79, 6, 'hagp176sta5gaedoe94jken546', 'REPONSE_KO', 'réponse proposée : Gilles', '2017-10-07 12:22:07'),
(80, 6, 'hagp176sta5gaedoe94jken546', 'REPONSE_KO', 'réponse proposée : Mathias', '2017-10-07 12:22:35'),
(81, 6, 'hagp176sta5gaedoe94jken546', 'REPONSE_KO', 'réponse proposée : Martin', '2017-10-07 12:27:52'),
(82, 6, 'hagp176sta5gaedoe94jken546', 'REPONSE_KO', 'réponse proposée : Jean-Claude', '2017-10-07 12:34:18'),
(83, 6, 'hagp176sta5gaedoe94jken546', 'REPONSE_KO', 'réponse proposée : Michele', '2017-10-07 12:34:56'),
(84, 6, 'hagp176sta5gaedoe94jken546', 'REPONSE_KO', 'réponse proposée : Ignazio', '2017-10-07 12:35:13'),
(85, 6, 'hagp176sta5gaedoe94jken546', 'REPONSE_KO', 'réponse proposée : Victor', '2017-10-07 12:36:38'),
(86, 6, 'hagp176sta5gaedoe94jken546', 'REPONSE_KO', 'réponse proposée : Pascale', '2017-10-07 12:37:22'),
(87, 6, 'hagp176sta5gaedoe94jken546', 'REPONSE_KO', 'réponse proposée : Marc', '2017-10-07 12:37:46'),
(88, 6, 'hagp176sta5gaedoe94jken546', 'REPONSE_KO', 'réponse proposée : Michèle', '2017-10-07 12:39:03'),
(89, 6, 'i2nq2frdven16ldgbsb5udf245', 'REPONSE_KO', 'réponse proposée : Paris', '2017-10-07 12:44:24'),
(90, 6, 'i2nq2frdven16ldgbsb5udf245', 'REPONSE_KO', 'réponse proposée : Bouhali', '2017-10-07 12:45:32'),
(91, 6, 'i2nq2frdven16ldgbsb5udf245', 'REPONSE_KO', 'réponse proposée : Viviane', '2017-10-07 12:47:01'),
(92, 6, 'i2nq2frdven16ldgbsb5udf245', 'REPONSE_KO', 'réponse proposée : Ussel', '2017-10-07 13:26:10'),
(93, 6, 'i2nq2frdven16ldgbsb5udf245', 'REPONSE_KO', 'réponse proposée : Swan', '2017-10-07 13:27:07'),
(94, 6, 'i2nq2frdven16ldgbsb5udf245', 'REPONSE_KO', 'réponse proposée : Gigi', '2017-10-07 13:27:41'),
(95, 6, 'i2nq2frdven16ldgbsb5udf245', 'REPONSE_KO', 'réponse proposée : Aston', '2017-10-07 13:29:07'),
(96, 6, 'i2nq2frdven16ldgbsb5udf245', 'REPONSE_KO', 'réponse proposée : Roxy', '2017-10-07 13:29:34'),
(97, 6, 'i2nq2frdven16ldgbsb5udf245', 'REPONSE_KO', 'réponse proposée : Kerry', '2017-10-07 13:29:52'),
(98, 6, 'i2nq2frdven16ldgbsb5udf245', 'REPONSE_KO', 'réponse proposée : Pascal', '2017-10-07 13:30:12'),
(99, 6, 'i2nq2frdven16ldgbsb5udf245', 'REPONSE_KO', 'réponse proposée : Papon', '2017-10-07 13:31:43'),
(100, 6, 'i2nq2frdven16ldgbsb5udf245', 'REPONSE_KO', 'réponse proposée : Raymond', '2017-10-07 13:32:07'),
(101, 6, 'i2nq2frdven16ldgbsb5udf245', 'REPONSE_KO', 'réponse proposée : Jeanine', '2017-10-07 13:33:15'),
(102, 6, 'i2nq2frdven16ldgbsb5udf245', 'REPONSE_KO', 'réponse proposée : Van-Dijk', '2017-10-07 13:33:51'),
(103, 6, 'i2nq2frdven16ldgbsb5udf245', 'REPONSE_KO', 'réponse proposée : Gilles', '2017-10-07 13:34:08'),
(104, 6, 'i2nq2frdven16ldgbsb5udf245', 'REPONSE_KO', 'réponse proposée : Viviane', '2017-10-07 13:34:32'),
(105, 6, 'i2nq2frdven16ldgbsb5udf245', 'REPONSE_KO', 'réponse proposée : Bruno', '2017-10-07 13:35:49'),
(106, 6, 'i2nq2frdven16ldgbsb5udf245', 'REPONSE_KO', 'réponse proposée : Guichot', '2017-10-07 13:36:16'),
(107, 6, 'i2nq2frdven16ldgbsb5udf245', 'REPONSE_KO', 'réponse proposée : Aurélien', '2017-10-07 13:36:48'),
(108, 6, 'mupv08lr89i6ml33afleqkvft1', 'REPONSE_OK', 'réponse proposée : Octave', '2017-10-07 13:38:53'),
(109, 7, 'mupv08lr89i6ml33afleqkvft1', 'REPONSE_OK', 'réponse proposée : Tatayet', '2017-10-07 13:46:47'),
(110, 8, 'aeu6vnefo1864n2phld1535ea3', 'REPONSE_KO', 'réponse proposée : Didiet', '2017-10-07 14:22:19'),
(111, 8, 'aeu6vnefo1864n2phld1535ea3', 'REPONSE_KO', 'réponse proposée : Didier', '2017-10-07 14:22:34'),
(112, 8, 'aeu6vnefo1864n2phld1535ea3', 'REPONSE_KO', 'réponse proposée : Serge', '2017-10-07 14:24:18'),
(113, 8, 'aeu6vnefo1864n2phld1535ea3', 'REPONSE_KO', 'réponse proposée : Eric', '2017-10-07 14:24:31'),
(114, 8, 'aeu6vnefo1864n2phld1535ea3', 'REPONSE_KO', 'réponse proposée : Emmanuel', '2017-10-07 14:25:12'),
(115, 8, 'aeu6vnefo1864n2phld1535ea3', 'REPONSE_KO', 'réponse proposée : Kolo', '2017-10-07 14:25:40'),
(116, 8, 'aeu6vnefo1864n2phld1535ea3', 'REPONSE_KO', 'réponse proposée : Yaya', '2017-10-07 14:25:56'),
(117, 8, 'aeu6vnefo1864n2phld1535ea3', 'REPONSE_KO', 'réponse proposée : Bony', '2017-10-07 14:26:41'),
(118, 8, 'aeu6vnefo1864n2phld1535ea3', 'REPONSE_KO', 'réponse proposée : Faurie', '2017-10-07 14:27:35'),
(119, 8, 'aeu6vnefo1864n2phld1535ea3', 'REPONSE_KO', 'réponse proposée : Auvity', '2017-10-07 14:28:29'),
(120, 8, 'aeu6vnefo1864n2phld1535ea3', 'REPONSE_KO', 'réponse proposée : Barrat', '2017-10-07 14:28:44'),
(121, 8, 'aeu6vnefo1864n2phld1535ea3', 'REPONSE_KO', 'réponse proposée : Dafy', '2017-10-07 14:29:41'),
(122, 8, 'aeu6vnefo1864n2phld1535ea3', 'REPONSE_KO', 'réponse proposée : Steve', '2017-10-07 14:30:45'),
(123, 8, 'aeu6vnefo1864n2phld1535ea3', 'REPONSE_KO', 'réponse proposée : Demel', '2017-10-07 14:31:00'),
(124, 8, 'aeu6vnefo1864n2phld1535ea3', 'REPONSE_KO', 'réponse proposée : Jérémie', '2017-10-07 14:31:19'),
(125, 8, 'aeu6vnefo1864n2phld1535ea3', 'REPONSE_KO', 'réponse proposée : Aruna', '2017-10-07 14:31:35'),
(126, 8, 'aeu6vnefo1864n2phld1535ea3', 'REPONSE_KO', 'réponse proposée : Seydou', '2017-10-07 14:31:47'),
(127, 8, 'aeu6vnefo1864n2phld1535ea3', 'REPONSE_KO', 'réponse proposée : Emerse', '2017-10-07 14:32:01'),
(128, 8, 'aeu6vnefo1864n2phld1535ea3', 'REPONSE_KO', 'réponse proposée : Gervinho', '2017-10-07 14:32:15'),
(129, 8, 'aeu6vnefo1864n2phld1535ea3', 'REPONSE_KO', 'réponse proposée : Max', '2017-10-07 14:32:33'),
(130, 8, 'aeu6vnefo1864n2phld1535ea3', 'REPONSE_KO', 'réponse proposée : Salomon', '2017-10-07 14:32:47'),
(131, 8, 'aeu6vnefo1864n2phld1535ea3', 'REPONSE_KO', 'réponse proposée : Arouna', '2017-10-07 14:33:03'),
(132, 8, 'aeu6vnefo1864n2phld1535ea3', 'REPONSE_KO', 'réponse proposée : Lamine', '2017-10-07 14:33:18'),
(133, 8, 'aeu6vnefo1864n2phld1535ea3', 'REPONSE_KO', 'réponse proposée : Abdoulaye', '2017-10-07 14:33:35'),
(134, 8, 'aeu6vnefo1864n2phld1535ea3', 'REPONSE_KO', 'réponse proposée : Abdul', '2017-10-07 14:33:48'),
(135, 8, 'aeu6vnefo1864n2phld1535ea3', 'REPONSE_KO', 'réponse proposée : Yannick', '2017-10-07 14:34:02'),
(136, 8, 'aeu6vnefo1864n2phld1535ea3', 'REPONSE_KO', 'réponse proposée : Olivier', '2017-10-07 14:34:20'),
(137, 8, 'aeu6vnefo1864n2phld1535ea3', 'REPONSE_KO', 'réponse proposée : Cheick', '2017-10-07 14:34:33'),
(138, 8, 'aeu6vnefo1864n2phld1535ea3', 'REPONSE_KO', 'réponse proposée : Kolo', '2017-10-07 14:34:45'),
(139, 8, 'aeu6vnefo1864n2phld1535ea3', 'REPONSE_KO', 'réponse proposée : Yaya', '2017-10-07 14:34:59'),
(140, 8, 'aeu6vnefo1864n2phld1535ea3', 'REPONSE_KO', 'réponse proposée : Lacina', '2017-10-07 14:35:10'),
(243, 11, 'ihcn9a2ijoa51nnslp5k6fjmh4', 'REPONSE_KO', 'réponse proposée : Gerald', '2017-10-10 22:03:25'),
(164, 11, 'tqntgv8l5rsqjbg5qo4dsibfj5', 'REPONSE_KO', 'réponse proposée : Male', '2017-10-07 15:12:20'),
(163, 11, 'tqntgv8l5rsqjbg5qo4dsibfj5', 'REPONSE_KO', 'réponse proposée : Arsenios', '2017-10-07 15:12:04'),
(244, 11, 'ihcn9a2ijoa51nnslp5k6fjmh4', 'REPONSE_KO', 'réponse proposée : Gérald', '2017-10-10 22:03:44'),
(161, 10, 'vh6hv1aa3fbuoolnjecenjhrf6', 'REPONSE_OK', 'réponse proposée : Bernard', '2017-10-07 14:57:19'),
(148, 8, 'ee98ogopj314b8rf3l2lsgome7', 'REPONSE_KO', 'réponse proposée : Bony', '2017-10-07 14:50:50'),
(149, 8, 'ee98ogopj314b8rf3l2lsgome7', 'REPONSE_KO', 'réponse proposée : Didier', '2017-10-07 14:51:13'),
(150, 8, 'drjga31g6gfpr126ncvmcd4qg1', 'REPONSE_KO', 'réponse proposée : Bony', '2017-10-07 14:51:23'),
(151, 8, 'ee98ogopj314b8rf3l2lsgome7', 'REPONSE_KO', 'réponse proposée : Tatayey', '2017-10-07 14:51:57'),
(152, 8, 'ee98ogopj314b8rf3l2lsgome7', 'REPONSE_KO', 'réponse proposée : Tatayet', '2017-10-07 14:52:11'),
(153, 8, 'drjga31g6gfpr126ncvmcd4qg1', 'REPONSE_KO', 'réponse proposée : Daniel', '2017-10-07 14:52:23'),
(154, 8, 'ee98ogopj314b8rf3l2lsgome7', 'REPONSE_KO', 'réponse proposée : Archibald', '2017-10-07 14:52:27'),
(155, 8, 'ee98ogopj314b8rf3l2lsgome7', 'REPONSE_KO', 'réponse proposée : Octave', '2017-10-07 14:52:45'),
(156, 8, 'drjga31g6gfpr126ncvmcd4qg1', 'REPONSE_KO', 'réponse proposée : Yaya', '2017-10-07 14:53:32'),
(157, 8, 'drjga31g6gfpr126ncvmcd4qg1', 'REPONSE_KO', 'réponse proposée : Bony', '2017-10-07 14:53:52'),
(158, 8, 'mupv08lr89i6ml33afleqkvft1', 'REPONSE_OK', 'réponse proposée : Wilfried', '2017-10-07 14:54:50'),
(159, 10, '2gtj00855jb98dk07i57qr00m5', 'REPONSE_KO', 'réponse proposée : Cihh', '2017-10-07 14:56:21'),
(160, 10, '2gtj00855jb98dk07i57qr00m5', 'REPONSE_KO', 'réponse proposée : Gervais', '2017-10-07 14:56:35'),
(165, 11, 'tqntgv8l5rsqjbg5qo4dsibfj5', 'REPONSE_KO', 'réponse proposée : Arsenois', '2017-10-07 15:12:35'),
(166, 11, 'tqntgv8l5rsqjbg5qo4dsibfj5', 'REPONSE_KO', 'réponse proposée : Arsinöe', '2017-10-07 15:12:54'),
(167, 11, 'tqntgv8l5rsqjbg5qo4dsibfj5', 'REPONSE_KO', 'réponse proposée : Mutzig', '2017-10-07 15:14:53'),
(168, 11, 'tqntgv8l5rsqjbg5qo4dsibfj5', 'REPONSE_KO', 'réponse proposée : Nancy', '2017-10-07 15:15:14'),
(169, 11, 'tqntgv8l5rsqjbg5qo4dsibfj5', 'REPONSE_KO', 'réponse proposée : Gilbert', '2017-10-07 15:16:33'),
(170, 11, 'tqntgv8l5rsqjbg5qo4dsibfj5', 'REPONSE_KO', 'réponse proposée : Marcel', '2017-10-07 15:16:46'),
(171, 11, 'tqntgv8l5rsqjbg5qo4dsibfj5', 'REPONSE_KO', 'réponse proposée : Alphonse', '2017-10-07 15:17:12'),
(172, 11, 'tqntgv8l5rsqjbg5qo4dsibfj5', 'REPONSE_KO', 'réponse proposée : Louise', '2017-10-07 15:17:41'),
(173, 11, 'tqntgv8l5rsqjbg5qo4dsibfj5', 'REPONSE_KO', 'réponse proposée : Max', '2017-10-07 15:18:17'),
(174, 11, '4o8vod8v4pq93875q35uh7phg1', 'REPONSE_KO', 'réponse proposée : Adam', '2017-10-07 15:18:26'),
(175, 11, '4o8vod8v4pq93875q35uh7phg1', 'REPONSE_KO', 'réponse proposée : Adan', '2017-10-07 15:18:42'),
(176, 11, 'tqntgv8l5rsqjbg5qo4dsibfj5', 'REPONSE_KO', 'réponse proposée : Paul', '2017-10-07 15:18:55'),
(177, 11, 'tqntgv8l5rsqjbg5qo4dsibfj5', 'REPONSE_KO', 'réponse proposée : Jean-Marc', '2017-10-07 15:19:56'),
(178, 11, 'dg7s6t98p4v6nidvb9k2hkl383', 'REPONSE_KO', 'réponse proposée : Encausse', '2017-10-07 15:20:12'),
(179, 11, 'dg7s6t98p4v6nidvb9k2hkl383', 'REPONSE_KO', 'réponse proposée : Romain', '2017-10-07 15:20:24'),
(180, 11, 'dg7s6t98p4v6nidvb9k2hkl383', 'REPONSE_KO', 'réponse proposée : Aude', '2017-10-07 15:20:45'),
(181, 11, 'dg7s6t98p4v6nidvb9k2hkl383', 'REPONSE_KO', 'réponse proposée : Ars', '2017-10-07 15:21:06'),
(182, 11, 'fkf72iq6qc517pjomvhikap162', 'REPONSE_KO', 'réponse proposée : Arsenios', '2017-10-07 16:04:18'),
(183, 11, 'mupv08lr89i6ml33afleqkvft1', 'REPONSE_KO', 'réponse proposée : Romain', '2017-10-07 16:04:20'),
(184, 11, 'fkf72iq6qc517pjomvhikap162', 'REPONSE_KO', 'réponse proposée : Arsenal', '2017-10-07 16:23:29'),
(185, 11, 'fkf72iq6qc517pjomvhikap162', 'REPONSE_KO', 'réponse proposée : Arsenius', '2017-10-07 16:24:26'),
(186, 11, 'fkf72iq6qc517pjomvhikap162', 'REPONSE_KO', 'réponse proposée : Arsen', '2017-10-07 16:24:48'),
(187, 11, 'fkf72iq6qc517pjomvhikap162', 'REPONSE_KO', 'réponse proposée : Arsenio', '2017-10-07 16:25:08'),
(188, 11, 'fkf72iq6qc517pjomvhikap162', 'REPONSE_KO', 'réponse proposée : Arseni', '2017-10-07 16:25:29'),
(189, 11, 'fkf72iq6qc517pjomvhikap162', 'REPONSE_KO', 'réponse proposée : Arseniy', '2017-10-07 16:25:45'),
(190, 11, 'fkf72iq6qc517pjomvhikap162', 'REPONSE_KO', 'réponse proposée : Viril', '2017-10-07 16:26:19'),
(191, 11, 'fkf72iq6qc517pjomvhikap162', 'REPONSE_KO', 'réponse proposée : Virile', '2017-10-07 16:26:31'),
(192, 11, 'fkf72iq6qc517pjomvhikap162', 'REPONSE_KO', 'réponse proposée : Theodosius', '2017-10-07 16:27:23'),
(193, 11, 'fkf72iq6qc517pjomvhikap162', 'REPONSE_KO', 'réponse proposée : Arcadius', '2017-10-07 16:27:41'),
(194, 11, 'fkf72iq6qc517pjomvhikap162', 'REPONSE_KO', 'réponse proposée : Honorius', '2017-10-07 16:28:00'),
(195, 11, 'fkf72iq6qc517pjomvhikap162', 'REPONSE_KO', 'réponse proposée : Romain', '2017-10-07 16:28:18'),
(196, 11, 'fkf72iq6qc517pjomvhikap162', 'REPONSE_KO', 'réponse proposée : Arsenios', '2017-10-07 16:28:45'),
(197, 11, '3651m26upe9o3effu2h1ddrqp2', 'REPONSE_KO', 'réponse proposée : Maurice', '2017-10-07 16:41:04'),
(198, 11, '3651m26upe9o3effu2h1ddrqp2', 'REPONSE_KO', 'réponse proposée : Lupin', '2017-10-07 16:41:32'),
(199, 11, '3651m26upe9o3effu2h1ddrqp2', 'REPONSE_KO', 'réponse proposée : Arsenius', '2017-10-07 16:45:21'),
(200, 11, '3651m26upe9o3effu2h1ddrqp2', 'REPONSE_KO', 'réponse proposée : Arsenios', '2017-10-07 16:47:08'),
(201, 11, '3651m26upe9o3effu2h1ddrqp2', 'REPONSE_KO', 'réponse proposée : Marcel', '2017-10-07 16:47:53'),
(202, 11, '3651m26upe9o3effu2h1ddrqp2', 'REPONSE_KO', 'réponse proposée : Raoul', '2017-10-07 16:50:06'),
(203, 11, '3651m26upe9o3effu2h1ddrqp2', 'REPONSE_KO', 'réponse proposée : Théophrase', '2017-10-07 16:50:23'),
(204, 11, '3651m26upe9o3effu2h1ddrqp2', 'REPONSE_KO', 'réponse proposée : Théophraste', '2017-10-07 17:07:03'),
(205, 11, '3651m26upe9o3effu2h1ddrqp2', 'REPONSE_KO', 'réponse proposée : Romain', '2017-10-07 17:14:36'),
(206, 11, 'mupv08lr89i6ml33afleqkvft1', 'REPONSE_KO', 'réponse proposée : Marcel', '2017-10-07 17:53:27'),
(207, 11, '3pjk5vph0jplrcaq2ko1qluej3', 'REPONSE_KO', 'réponse proposée : Rome', '2017-10-07 18:33:29'),
(208, 11, '3pjk5vph0jplrcaq2ko1qluej3', 'REPONSE_KO', 'réponse proposée : Maurice', '2017-10-07 18:49:49'),
(209, 11, '3pjk5vph0jplrcaq2ko1qluej3', 'REPONSE_KO', 'réponse proposée : Théophraste', '2017-10-07 18:50:15'),
(210, 11, '3pjk5vph0jplrcaq2ko1qluej3', 'REPONSE_KO', 'réponse proposée : Henriette', '2017-10-07 18:50:37'),
(211, 11, '3pjk5vph0jplrcaq2ko1qluej3', 'REPONSE_KO', 'réponse proposée : Romaine', '2017-10-07 19:09:08'),
(212, 11, 'mlm29r3nj8e1v0jcq81f041h30', 'REPONSE_KO', 'réponse proposée : Lupin', '2017-10-07 19:21:38'),
(213, 11, 'mlm29r3nj8e1v0jcq81f041h30', 'REPONSE_KO', 'réponse proposée : Lupin', '2017-10-07 19:22:21'),
(214, 11, 'mlm29r3nj8e1v0jcq81f041h30', 'REPONSE_KO', 'réponse proposée : Fleur', '2017-10-07 19:23:34'),
(215, 11, 'mlm29r3nj8e1v0jcq81f041h30', 'REPONSE_KO', 'réponse proposée : Fleur', '2017-10-07 19:23:44'),
(216, 11, '3651m26upe9o3effu2h1ddrqp2', 'REPONSE_KO', 'réponse proposée : Jean', '2017-10-07 20:02:29'),
(217, 11, '3651m26upe9o3effu2h1ddrqp2', 'REPONSE_KO', 'réponse proposée : Georges', '2017-10-08 08:36:15'),
(218, 11, '3651m26upe9o3effu2h1ddrqp2', 'REPONSE_KO', 'réponse proposée : Romain', '2017-10-08 09:37:56'),
(219, 11, '3651m26upe9o3effu2h1ddrqp2', 'REPONSE_KO', 'réponse proposée : Théophase', '2017-10-08 09:38:24'),
(220, 11, '3651m26upe9o3effu2h1ddrqp2', 'REPONSE_KO', 'réponse proposée : Jean', '2017-10-08 09:39:22'),
(242, 11, 'ihcn9a2ijoa51nnslp5k6fjmh4', 'REPONSE_KO', 'réponse proposée : Nelson', '2017-10-10 22:02:50'),
(222, 11, '3651m26upe9o3effu2h1ddrqp2', 'REPONSE_KO', 'réponse proposée : Alexandre', '2017-10-08 09:42:32'),
(223, 11, '3651m26upe9o3effu2h1ddrqp2', 'REPONSE_KO', 'réponse proposée : Lopin', '2017-10-08 09:43:55'),
(224, 11, '3651m26upe9o3effu2h1ddrqp2', 'REPONSE_KO', 'réponse proposée : Jacob', '2017-10-08 09:45:10'),
(225, 11, '3651m26upe9o3effu2h1ddrqp2', 'REPONSE_KO', 'réponse proposée : Gustave', '2017-10-08 09:46:16'),
(226, 11, '3651m26upe9o3effu2h1ddrqp2', 'REPONSE_KO', 'réponse proposée : Guy', '2017-10-08 09:46:57'),
(227, 11, '3651m26upe9o3effu2h1ddrqp2', 'REPONSE_KO', 'réponse proposée : Théodose', '2017-10-08 09:48:46'),
(228, 11, '3651m26upe9o3effu2h1ddrqp2', 'REPONSE_KO', 'réponse proposée : Robert', '2017-10-08 15:29:10'),
(229, 11, '3651m26upe9o3effu2h1ddrqp2', 'REPONSE_KO', 'réponse proposée : Théo', '2017-10-08 22:05:33'),
(230, 11, '3651m26upe9o3effu2h1ddrqp2', 'REPONSE_KO', 'réponse proposée : Justin', '2017-10-09 06:21:09'),
(231, 11, '3651m26upe9o3effu2h1ddrqp2', 'REPONSE_KO', 'réponse proposée : Jules', '2017-10-09 09:40:46'),
(232, 11, 'fe5rcu5blbpsmnnmdkuoklbvs1', 'REPONSE_KO', 'réponse proposée : Gaston', '2017-10-09 21:38:49'),
(233, 11, 'fe5rcu5blbpsmnnmdkuoklbvs1', 'REPONSE_KO', 'réponse proposée : Jérôme', '2017-10-09 22:13:14'),
(234, 11, '5c167u35i7iho7s9eherdtlh82', 'REPONSE_KO', 'réponse proposée : Arsen', '2017-10-09 23:02:37'),
(235, 11, '5c167u35i7iho7s9eherdtlh82', 'REPONSE_KO', 'réponse proposée : Male', '2017-10-09 23:02:53'),
(236, 11, '5c167u35i7iho7s9eherdtlh82', 'REPONSE_KO', 'réponse proposée : Fort', '2017-10-09 23:03:34'),
(237, 11, '5c167u35i7iho7s9eherdtlh82', 'REPONSE_KO', 'réponse proposée : Arsenic', '2017-10-09 23:03:46'),
(238, 11, '5c167u35i7iho7s9eherdtlh82', 'REPONSE_KO', 'réponse proposée : Poison', '2017-10-09 23:04:06'),
(239, 11, '3651m26upe9o3effu2h1ddrqp2', 'REPONSE_KO', 'réponse proposée : René', '2017-10-10 18:04:54'),
(240, 11, '3651m26upe9o3effu2h1ddrqp2', 'REPONSE_KO', 'réponse proposée : Georges', '2017-10-10 18:05:04'),
(241, 11, '3651m26upe9o3effu2h1ddrqp2', 'REPONSE_KO', 'réponse proposée : Valentin', '2017-10-10 18:11:42'),
(245, 11, 'ihcn9a2ijoa51nnslp5k6fjmh4', 'REPONSE_KO', 'réponse proposée : Nelson', '2017-10-10 22:06:02'),
(246, 11, 'ihcn9a2ijoa51nnslp5k6fjmh4', 'REPONSE_KO', 'réponse proposée : Jane', '2017-10-10 22:08:19'),
(247, 11, 'ihcn9a2ijoa51nnslp5k6fjmh4', 'REPONSE_KO', 'réponse proposée : Pauline', '2017-10-10 22:09:15'),
(248, 11, '3651m26upe9o3effu2h1ddrqp2', 'REPONSE_OK', 'réponse proposée : Marius', '2017-10-10 22:09:19'),
(257, 13, 'f6fbejs9tf2i1396ga4kech3c1', 'REPONSE_KO', 'réponse proposée : René', '2017-10-10 23:01:01'),
(258, 13, 'f6fbejs9tf2i1396ga4kech3c1', 'REPONSE_KO', 'réponse proposée : Robert', '2017-10-10 23:03:08'),
(256, 13, 'f6fbejs9tf2i1396ga4kech3c1', 'REPONSE_KO', 'réponse proposée : Renée', '2017-10-10 23:00:38'),
(255, 12, '3651m26upe9o3effu2h1ddrqp2', 'REPONSE_OK', 'réponse proposée : Antoine', '2017-10-10 22:31:28'),
(259, 13, 'f6fbejs9tf2i1396ga4kech3c1', 'REPONSE_KO', 'réponse proposée : Rene', '2017-10-10 23:03:19'),
(260, 13, 'f6fbejs9tf2i1396ga4kech3c1', 'REPONSE_KO', 'réponse proposée : Jean', '2017-10-10 23:06:19'),
(261, 13, 'f6fbejs9tf2i1396ga4kech3c1', 'REPONSE_KO', 'réponse proposée : Carl', '2017-10-10 23:06:41'),
(262, 13, 'f6fbejs9tf2i1396ga4kech3c1', 'REPONSE_KO', 'réponse proposée : Leonhard', '2017-10-10 23:07:06'),
(263, 13, 'f6fbejs9tf2i1396ga4kech3c1', 'REPONSE_KO', 'réponse proposée : Joseph', '2017-10-10 23:07:31'),
(264, 13, 'f6fbejs9tf2i1396ga4kech3c1', 'REPONSE_KO', 'réponse proposée : Joseph-Louis', '2017-10-10 23:07:48'),
(265, 13, 'f6fbejs9tf2i1396ga4kech3c1', 'REPONSE_KO', 'réponse proposée : Giuseppe', '2017-10-10 23:08:49'),
(266, 13, 'f6fbejs9tf2i1396ga4kech3c1', 'REPONSE_KO', 'réponse proposée : Racine', '2017-10-10 23:09:17'),
(267, 13, 'f6fbejs9tf2i1396ga4kech3c1', 'REPONSE_KO', 'réponse proposée : Augustin', '2017-10-10 23:10:46'),
(268, 13, 'f6fbejs9tf2i1396ga4kech3c1', 'REPONSE_KO', 'réponse proposée : Louis', '2017-10-10 23:11:01'),
(269, 13, 'f6fbejs9tf2i1396ga4kech3c1', 'REPONSE_KO', 'réponse proposée : Joseph', '2017-10-10 23:11:39'),
(270, 13, 'f6fbejs9tf2i1396ga4kech3c1', 'REPONSE_KO', 'réponse proposée : Bernhard', '2017-10-10 23:13:05'),
(271, 13, 'f6fbejs9tf2i1396ga4kech3c1', 'REPONSE_KO', 'réponse proposée : Augustin', '2017-10-10 23:13:44'),
(272, 13, 'f6fbejs9tf2i1396ga4kech3c1', 'REPONSE_KO', 'réponse proposée : Henri', '2017-10-10 23:14:21'),
(275, 13, 'vk7q4s4hsinthdafkatkki50g3', 'REPONSE_KO', 'réponse proposée : René', '2017-10-10 23:48:13'),
(276, 13, 'vk7q4s4hsinthdafkatkki50g3', 'REPONSE_KO', 'réponse proposée : Charles', '2017-10-10 23:49:43'),
(277, 13, 'vk7q4s4hsinthdafkatkki50g3', 'REPONSE_KO', 'réponse proposée : Niels', '2017-10-10 23:50:36'),
(278, 13, 'f9p4bcgn1tc3fsvlvbfe7q2ui1', 'REPONSE_KO', 'réponse proposée : Zero', '2017-10-11 11:53:17'),
(279, 13, 'f9p4bcgn1tc3fsvlvbfe7q2ui1', 'REPONSE_KO', 'réponse proposée : Zorro', '2017-10-11 11:53:27'),
(280, 13, 'f9p4bcgn1tc3fsvlvbfe7q2ui1', 'REPONSE_OK', 'réponse proposée : Evariste', '2017-10-11 11:56:49'),
(281, 14, 'f9p4bcgn1tc3fsvlvbfe7q2ui1', 'REPONSE_KO', 'réponse proposée : Aaron', '2017-10-11 11:57:37'),
(282, 14, 'f9p4bcgn1tc3fsvlvbfe7q2ui1', 'REPONSE_KO', 'réponse proposée : Gaston', '2017-10-11 11:57:51'),
(283, 14, 'f9p4bcgn1tc3fsvlvbfe7q2ui1', 'REPONSE_KO', 'réponse proposée : Lelisa', '2017-10-11 11:58:42'),
(284, 14, 'f9p4bcgn1tc3fsvlvbfe7q2ui1', 'REPONSE_KO', 'réponse proposée : Rita', '2017-10-11 11:59:01'),
(285, 14, 'f9p4bcgn1tc3fsvlvbfe7q2ui1', 'REPONSE_KO', 'réponse proposée : Meb', '2017-10-11 11:59:23'),
(286, 14, 'f9p4bcgn1tc3fsvlvbfe7q2ui1', 'REPONSE_KO', 'réponse proposée : Tatyana', '2017-10-11 11:59:34'),
(287, 14, '850fumqgkcd7im775p0pdtfu37', 'REPONSE_KO', 'réponse proposée : Meb', '2017-10-11 19:56:04'),
(288, 14, '3qvrjgc7bvp912um2fr25if3t0', 'REPONSE_KO', 'réponse proposée : John', '2017-10-11 21:06:10'),
(289, 14, '3qvrjgc7bvp912um2fr25if3t0', 'REPONSE_KO', 'réponse proposée : Ronald', '2017-10-11 21:06:28'),
(290, 14, '3qvrjgc7bvp912um2fr25if3t0', 'REPONSE_KO', 'réponse proposée : Lawrence', '2017-10-11 21:06:42'),
(291, 14, '3qvrjgc7bvp912um2fr25if3t0', 'REPONSE_KO', 'réponse proposée : Sammy', '2017-10-11 21:06:55'),
(292, 14, '3qvrjgc7bvp912um2fr25if3t0', 'REPONSE_KO', 'réponse proposée : Michael', '2017-10-11 21:07:10'),
(293, 14, '3qvrjgc7bvp912um2fr25if3t0', 'REPONSE_KO', 'réponse proposée : Frederick', '2017-10-11 21:07:23'),
(294, 14, '3qvrjgc7bvp912um2fr25if3t0', 'REPONSE_KO', 'réponse proposée : Tim', '2017-10-11 21:07:34'),
(295, 14, '3qvrjgc7bvp912um2fr25if3t0', 'REPONSE_KO', 'réponse proposée : Thomas', '2017-10-11 21:07:50'),
(296, 14, '3qvrjgc7bvp912um2fr25if3t0', 'REPONSE_KO', 'réponse proposée : Henri', '2017-10-11 21:08:04'),
(297, 14, '3qvrjgc7bvp912um2fr25if3t0', 'REPONSE_KO', 'réponse proposée : Fred', '2017-10-11 21:08:17'),
(298, 14, '3qvrjgc7bvp912um2fr25if3t0', 'REPONSE_KO', 'réponse proposée : Clarence', '2017-10-11 21:08:31'),
(299, 14, '3qvrjgc7bvp912um2fr25if3t0', 'REPONSE_KO', 'réponse proposée : Fritz', '2017-10-11 21:08:52'),
(300, 14, '3qvrjgc7bvp912um2fr25if3t0', 'REPONSE_KO', 'réponse proposée : James', '2017-10-11 21:09:04'),
(301, 14, '3qvrjgc7bvp912um2fr25if3t0', 'REPONSE_KO', 'réponse proposée : édouard', '2017-10-11 21:09:25'),
(302, 14, '3qvrjgc7bvp912um2fr25if3t0', 'REPONSE_KO', 'réponse proposée : Arthur', '2017-10-11 21:09:35'),
(303, 14, '3qvrjgc7bvp912um2fr25if3t0', 'REPONSE_KO', 'réponse proposée : Bill', '2017-10-11 21:09:53'),
(304, 14, '3qvrjgc7bvp912um2fr25if3t0', 'REPONSE_KO', 'réponse proposée : Camp', '2017-10-11 21:10:09'),
(305, 14, '3qvrjgc7bvp912um2fr25if3t0', 'REPONSE_KO', 'réponse proposée : Devens', '2017-10-11 21:10:25'),
(306, 14, '3qvrjgc7bvp912um2fr25if3t0', 'REPONSE_KO', 'réponse proposée : Carl', '2017-10-11 21:10:37'),
(307, 14, '3qvrjgc7bvp912um2fr25if3t0', 'REPONSE_KO', 'réponse proposée : Peter', '2017-10-11 21:10:51'),
(308, 14, '3qvrjgc7bvp912um2fr25if3t0', 'REPONSE_KO', 'réponse proposée : Frank', '2017-10-11 21:11:05'),
(309, 14, '3qvrjgc7bvp912um2fr25if3t0', 'REPONSE_KO', 'réponse proposée : Charles', '2017-10-11 21:11:22'),
(310, 14, '3qvrjgc7bvp912um2fr25if3t0', 'REPONSE_KO', 'réponse proposée : Johnny', '2017-10-11 21:11:34'),
(311, 14, '3qvrjgc7bvp912um2fr25if3t0', 'REPONSE_KO', 'réponse proposée : Paul', '2017-10-11 21:11:54'),
(312, 14, '3qvrjgc7bvp912um2fr25if3t0', 'REPONSE_KO', 'réponse proposée : Leslie', '2017-10-11 21:12:11'),
(313, 14, '3qvrjgc7bvp912um2fr25if3t0', 'REPONSE_KO', 'réponse proposée : Dave', '2017-10-11 21:12:24'),
(314, 14, '3qvrjgc7bvp912um2fr25if3t0', 'REPONSE_KO', 'réponse proposée : Ellison', '2017-10-11 21:12:42'),
(315, 14, '3qvrjgc7bvp912um2fr25if3t0', 'REPONSE_KO', 'réponse proposée : Walter', '2017-10-11 21:12:54'),
(316, 14, '3qvrjgc7bvp912um2fr25if3t0', 'REPONSE_KO', 'réponse proposée : Gérard', '2017-10-11 21:13:16'),
(317, 14, '3qvrjgc7bvp912um2fr25if3t0', 'REPONSE_KO', 'réponse proposée : Joe', '2017-10-11 21:13:34'),
(318, 14, '3qvrjgc7bvp912um2fr25if3t0', 'REPONSE_KO', 'réponse proposée : Stylianos', '2017-10-11 21:13:57'),
(319, 14, '3qvrjgc7bvp912um2fr25if3t0', 'REPONSE_KO', 'réponse proposée : Suh', '2017-10-11 21:14:10'),
(320, 14, '3qvrjgc7bvp912um2fr25if3t0', 'REPONSE_KO', 'réponse proposée : Gosta', '2017-10-11 21:14:24'),
(321, 14, '3qvrjgc7bvp912um2fr25if3t0', 'REPONSE_KO', 'réponse proposée : Ham', '2017-10-11 21:14:38'),
(322, 14, '3qvrjgc7bvp912um2fr25if3t0', 'REPONSE_OK', 'réponse proposée : Shigeki', '2017-10-11 21:14:49'),
(323, 15, '3qvrjgc7bvp912um2fr25if3t0', 'REPONSE_KO', 'réponse proposée : Jacques', '2017-10-11 21:16:16'),
(324, 15, '3qvrjgc7bvp912um2fr25if3t0', 'REPONSE_KO', 'réponse proposée : Francois', '2017-10-11 21:16:37'),
(325, 15, '3qvrjgc7bvp912um2fr25if3t0', 'REPONSE_KO', 'réponse proposée : Pierre', '2017-10-11 21:16:59'),
(326, 15, '3qvrjgc7bvp912um2fr25if3t0', 'REPONSE_KO', 'réponse proposée : Jean-Yves', '2017-10-11 21:17:51'),
(327, 15, '3qvrjgc7bvp912um2fr25if3t0', 'REPONSE_KO', 'réponse proposée : Jacques-Charles', '2017-10-11 21:19:28'),
(328, 15, '3qvrjgc7bvp912um2fr25if3t0', 'REPONSE_KO', 'réponse proposée : Charles', '2017-10-11 21:20:33'),
(329, 15, '85c1var98ugf95jvesqat2gmd5', 'REPONSE_KO', 'réponse proposée : Jean', '2017-10-12 15:41:59'),
(330, 15, 'tel43jbm2qd0tm30qrbipqor64', 'REPONSE_KO', 'réponse proposée : Louis', '2017-10-12 18:06:36'),
(331, 15, 'o4ut11cc386c78u5ectbs77pm7', 'REPONSE_KO', 'réponse proposée : Jean-Yves', '2017-10-14 20:41:04'),
(332, 15, 'o4ut11cc386c78u5ectbs77pm7', 'REPONSE_KO', 'réponse proposée : Frédéric', '2017-10-14 20:51:39'),
(333, 15, 'o4ut11cc386c78u5ectbs77pm7', 'REPONSE_OK', 'réponse proposée : Aristide', '2017-10-15 21:36:25'),
(334, 16, 'ql2dugm48q9e6642v49uvde7r3', 'REPONSE_KO', 'réponse proposée : Guilio', '2017-10-17 13:08:53'),
(335, 16, 'ql2dugm48q9e6642v49uvde7r3', 'REPONSE_KO', 'réponse proposée : Luis', '2017-10-17 13:09:17'),
(336, 16, 'ql2dugm48q9e6642v49uvde7r3', 'REPONSE_KO', 'réponse proposée : Louis', '2017-10-17 13:19:43'),
(337, 16, 'ql2dugm48q9e6642v49uvde7r3', 'REPONSE_KO', 'réponse proposée : Philippe', '2017-10-17 13:20:01'),
(338, 16, 'ql2dugm48q9e6642v49uvde7r3', 'REPONSE_KO', 'réponse proposée : Hugues', '2017-10-17 13:21:16'),
(339, 16, 'ql2dugm48q9e6642v49uvde7r3', 'REPONSE_KO', 'réponse proposée : Arthur', '2017-10-17 13:33:47'),
(340, 16, 'ql2dugm48q9e6642v49uvde7r3', 'REPONSE_KO', 'réponse proposée : Ulrich', '2017-10-17 13:50:57'),
(341, 16, 'ql2dugm48q9e6642v49uvde7r3', 'REPONSE_KO', 'réponse proposée : Henri', '2017-10-17 14:24:34'),
(342, 16, 'ql2dugm48q9e6642v49uvde7r3', 'REPONSE_KO', 'réponse proposée : François', '2017-10-17 14:24:45'),
(343, 16, 'ql2dugm48q9e6642v49uvde7r3', 'REPONSE_KO', 'réponse proposée : Charles', '2017-10-17 14:25:13'),
(344, 16, 'ql2dugm48q9e6642v49uvde7r3', 'REPONSE_KO', 'réponse proposée : Jean', '2017-10-17 14:27:18'),
(345, 16, 'ql2dugm48q9e6642v49uvde7r3', 'REPONSE_KO', 'réponse proposée : Napoléon', '2017-10-17 14:30:25'),
(346, 16, 'ql2dugm48q9e6642v49uvde7r3', 'REPONSE_KO', 'réponse proposée : Johannes', '2017-10-17 17:09:39'),
(347, 16, 'ql2dugm48q9e6642v49uvde7r3', 'REPONSE_KO', 'réponse proposée : Johan', '2017-10-17 17:09:57'),
(348, 16, 'ql2dugm48q9e6642v49uvde7r3', 'REPONSE_KO', 'réponse proposée : Jules Raymond', '2017-10-17 17:10:54'),
(349, 16, 'ql2dugm48q9e6642v49uvde7r3', 'REPONSE_KO', 'réponse proposée : Raymond', '2017-10-17 17:11:13'),
(350, 16, 'ql2dugm48q9e6642v49uvde7r3', 'REPONSE_KO', 'réponse proposée : Lucien', '2017-10-17 17:13:31'),
(351, 16, 'ql2dugm48q9e6642v49uvde7r3', 'REPONSE_KO', 'réponse proposée : Roy', '2017-10-17 17:16:57'),
(352, 16, '9a6urqcnaaj26hrp5247pjm0m7', 'REPONSE_KO', 'réponse proposée : Olivier', '2017-10-18 10:56:29'),
(353, 16, '9a6urqcnaaj26hrp5247pjm0m7', 'REPONSE_KO', 'réponse proposée : David', '2017-10-18 10:56:43'),
(354, 16, '9a6urqcnaaj26hrp5247pjm0m7', 'REPONSE_KO', 'réponse proposée : David', '2017-10-18 10:57:17'),
(355, 16, 'as0fcp2j0ilrp8if583pcq33p1', 'REPONSE_OK', 'réponse proposée : Ernest', '2017-10-18 12:40:59'),
(356, 17, 'as0fcp2j0ilrp8if583pcq33p1', 'REPONSE_OK', 'réponse proposée : Ferdinand', '2017-10-18 12:42:26'),
(357, 19, '860osun41go6le33poleb0cda6', 'REPONSE_KO', 'réponse proposée : Rien', '2017-10-18 14:21:08'),
(358, 18, 'eaf6tjo3eimfpb4n3q3c5c3300', 'REPONSE_KO', 'réponse proposée : Edgar', '2017-10-20 13:36:12'),
(359, 18, 'f94r6e615sjoj6bbe49u0ij0g0', 'REPONSE_KO', 'réponse proposée : Georges', '2017-10-20 13:36:32'),
(360, 18, 'eaf6tjo3eimfpb4n3q3c5c3300', 'REPONSE_KO', 'réponse proposée : Edgard', '2017-10-20 13:36:37'),
(361, 18, 'eaf6tjo3eimfpb4n3q3c5c3300', 'REPONSE_KO', 'réponse proposée : Okk', '2017-10-20 13:36:54'),
(362, 18, 'f94r6e615sjoj6bbe49u0ij0g0', 'REPONSE_OK', 'réponse proposée : George', '2017-10-20 13:37:08'),
(363, 19, 'eaf6tjo3eimfpb4n3q3c5c3300', 'REPONSE_KO', 'réponse proposée : Rue', '2017-10-20 13:37:39'),
(364, 19, 'hiirjv9arod9i4g7cobe55qkp0', 'REPONSE_KO', 'réponse proposée : Henri', '2017-10-20 13:59:10'),
(365, 19, 'hiirjv9arod9i4g7cobe55qkp0', 'REPONSE_KO', 'réponse proposée : Pierre', '2017-10-20 14:00:48'),
(366, 19, 'k3bvv4401mphhi1d8mjr4mb496', 'REPONSE_KO', 'réponse proposée : Matthieu', '2017-10-20 14:06:16'),
(367, 19, 'k3bvv4401mphhi1d8mjr4mb496', 'REPONSE_KO', 'réponse proposée : Christophe', '2017-10-20 14:06:28'),
(368, 19, 'k3bvv4401mphhi1d8mjr4mb496', 'REPONSE_KO', 'réponse proposée : Yves', '2017-10-20 14:06:55'),
(369, 19, 'k3bvv4401mphhi1d8mjr4mb496', 'REPONSE_KO', 'réponse proposée : Octave', '2017-10-20 14:07:55'),
(370, 19, '3651m26upe9o3effu2h1ddrqp2', 'REPONSE_KO', 'réponse proposée : Emmanuel', '2017-10-20 14:10:29'),
(371, 19, 'e2upnvirovujd6sifkuk9j67p7', 'REPONSE_KO', 'réponse proposée : Dqsdsd', '2017-10-20 14:30:47'),
(372, 19, 'jthra0ftddrfobru3c1qpsmnh7', 'REPONSE_KO', 'réponse proposée : Emile', '2017-10-20 14:44:09'),
(373, 19, 'jthra0ftddrfobru3c1qpsmnh7', 'REPONSE_KO', 'réponse proposée : Silvestre', '2017-10-20 14:44:33'),
(374, 19, 'jthra0ftddrfobru3c1qpsmnh7', 'REPONSE_KO', 'réponse proposée : Joseph', '2017-10-20 14:44:51'),
(375, 19, 'jthra0ftddrfobru3c1qpsmnh7', 'REPONSE_KO', 'réponse proposée : Octave', '2017-10-20 14:45:38'),
(376, 19, '5m0m561v4tl91k7c11vt7jfmq0', 'REPONSE_KO', 'réponse proposée : Jacques', '2017-10-20 16:28:13'),
(377, 19, '5m0m561v4tl91k7c11vt7jfmq0', 'REPONSE_KO', 'réponse proposée : Elisée', '2017-10-20 16:28:49'),
(378, 19, 'easi5qokg814glkgfqf4l24nj3', 'REPONSE_KO', 'réponse proposée : Renaud', '2017-10-20 19:49:17'),
(379, 19, 'easi5qokg814glkgfqf4l24nj3', 'REPONSE_KO', 'réponse proposée : Elisee', '2017-10-20 19:50:06'),
(380, 19, 'hiirjv9arod9i4g7cobe55qkp0', 'REPONSE_OK', 'réponse proposée : Sacha', '2017-10-20 21:11:55'),
(381, 20, 'hiirjv9arod9i4g7cobe55qkp0', 'REPONSE_KO', 'réponse proposée : Europe', '2017-10-20 21:19:39'),
(382, 20, 'hiirjv9arod9i4g7cobe55qkp0', 'REPONSE_KO', 'réponse proposée : Sébastien', '2017-10-20 21:21:48'),
(383, 20, 'hiirjv9arod9i4g7cobe55qkp0', 'REPONSE_KO', 'réponse proposée : Leopold', '2017-10-20 21:22:07'),
(384, 20, 'hiirjv9arod9i4g7cobe55qkp0', 'REPONSE_KO', 'réponse proposée : Sebastian', '2017-10-20 21:23:37'),
(385, 20, 'hiirjv9arod9i4g7cobe55qkp0', 'REPONSE_KO', 'réponse proposée : Bastian', '2017-10-20 21:23:47'),
(386, 20, 'hiirjv9arod9i4g7cobe55qkp0', 'REPONSE_KO', 'réponse proposée : Katherine', '2017-10-20 21:24:01'),
(387, 20, 'hiirjv9arod9i4g7cobe55qkp0', 'REPONSE_KO', 'réponse proposée : Aziz', '2017-10-20 21:26:54'),
(388, 20, 'hiirjv9arod9i4g7cobe55qkp0', 'REPONSE_KO', 'réponse proposée : Didier', '2017-10-20 21:32:31'),
(389, 20, 'hiirjv9arod9i4g7cobe55qkp0', 'REPONSE_KO', 'réponse proposée : Jean', '2017-10-20 21:32:48'),
(390, 20, 'hiirjv9arod9i4g7cobe55qkp0', 'REPONSE_KO', 'réponse proposée : Zlatan', '2017-10-20 21:33:13'),
(391, 20, 'hiirjv9arod9i4g7cobe55qkp0', 'REPONSE_KO', 'réponse proposée : Gaetan', '2017-10-20 21:37:22'),
(392, 20, 'fe5rcu5blbpsmnnmdkuoklbvs1', 'REPONSE_KO', 'réponse proposée : Ronald', '2017-10-20 21:58:26'),
(393, 20, 'fe5rcu5blbpsmnnmdkuoklbvs1', 'REPONSE_KO', 'réponse proposée : Sébastien', '2017-10-20 21:59:30'),
(394, 20, 'fe5rcu5blbpsmnnmdkuoklbvs1', 'REPONSE_KO', 'réponse proposée : Manuel', '2017-10-20 22:05:46'),
(395, 20, 'fe5rcu5blbpsmnnmdkuoklbvs1', 'REPONSE_KO', 'réponse proposée : Anthony', '2017-10-20 22:11:09'),
(396, 20, 'fe5rcu5blbpsmnnmdkuoklbvs1', 'REPONSE_KO', 'réponse proposée : Sébastien', '2017-10-20 22:13:48'),
(397, 20, 't24nbl8okmkkrisek32ehpq3m1', 'REPONSE_KO', 'réponse proposée : Emmanuel', '2017-10-20 22:27:39'),
(398, 20, '3651m26upe9o3effu2h1ddrqp2', 'REPONSE_KO', 'réponse proposée : Zeus', '2017-10-21 09:42:15'),
(399, 20, '3651m26upe9o3effu2h1ddrqp2', 'REPONSE_KO', 'réponse proposée : Jésus', '2017-10-21 09:42:36'),
(400, 20, 'fe5rcu5blbpsmnnmdkuoklbvs1', 'REPONSE_KO', 'réponse proposée : Némo', '2017-10-23 17:00:41');

-- --------------------------------------------------------

--
-- Structure de la table `winner`
--

CREATE TABLE `winner` (
  `id` int(11) UNSIGNED NOT NULL,
  `id_event` bigint(20) NOT NULL,
  `email` varchar(100) NOT NULL,
  `pseudo` varchar(100) DEFAULT NULL
) ENGINE=InnoDB DEFAULT CHARSET=utf8;

--
-- Déchargement des données de la table `winner`
--

INSERT INTO `winner` (`id`, `id_event`, `email`, `pseudo`) VALUES
(1, 5, 'barbybulle@gmail.com', 'Babs'),
(2, 68, 'david@penfold.fr', 'Tass'),
(3, 74, 'david@penfold.fr', 'Tass'),
(6, 108, 'maxibiker@hotmail.com', 'Doudou'),
(7, 109, 'maxibiker@hotmail.com', 'Doudou'),
(9, 158, 'maxibiker@hotmail.com', 'Doudou'),
(11, 161, 'david@penfold.fr', 'Tass'),
(12, 248, 'barbybulle@gmail.com', 'Babs'),
(13, 255, 'barbybulle@gmail.com', 'Babs'),
(14, 280, 'david@penfold.fr', 'Tass'),
(15, 322, 'david@penfold.fr', 'Tass'),
(16, 333, 'maxibiker@hotmail.com', 'Doudou'),
(17, 355, 'maxibiker@hotmail.com', 'Doudou'),
(18, 356, 'maxibiker@hotmail.com', 'Doudou'),
(19, 362, 'maxibiker@hotmail.com', 'Doudou'),
(20, 380, 'jutahl@hotmail.fr', 'Jutahl');

--
-- Index pour les tables déchargées
--

--
-- Index pour la table `fils`
--
ALTER TABLE `fils`
  ADD PRIMARY KEY (`id`);

--
-- Index pour la table `fils_event`
--
ALTER TABLE `fils_event`
  ADD PRIMARY KEY (`id`);

--
-- Index pour la table `winner`
--
ALTER TABLE `winner`
  ADD PRIMARY KEY (`id`);

--
-- AUTO_INCREMENT pour les tables déchargées
--

--
-- AUTO_INCREMENT pour la table `fils`
--
ALTER TABLE `fils`
  MODIFY `id` bigint(20) NOT NULL AUTO_INCREMENT, AUTO_INCREMENT=25;
--
-- AUTO_INCREMENT pour la table `fils_event`
--
ALTER TABLE `fils_event`
  MODIFY `id` bigint(20) NOT NULL AUTO_INCREMENT, AUTO_INCREMENT=401;
--
-- AUTO_INCREMENT pour la table `winner`
--
ALTER TABLE `winner`
  MODIFY `id` int(11) UNSIGNED NOT NULL AUTO_INCREMENT, AUTO_INCREMENT=21;COMMIT;

/*!40101 SET CHARACTER_SET_CLIENT=@OLD_CHARACTER_SET_CLIENT */;
/*!40101 SET CHARACTER_SET_RESULTS=@OLD_CHARACTER_SET_RESULTS */;
/*!40101 SET COLLATION_CONNECTION=@OLD_COLLATION_CONNECTION */;
